{"cameraMode":{"drawMode":0,"name":"Shaded","section":"Shading Mode"},"sceneLighting":true,"audioPlay":false,"sceneViewState":{"showFog":true,"showMaterialUpdate":false,"showSkybox":true,"showFlares":true,"showImageEffects":true,"showParticleSystems":true},"in2DMode":false,"pivot":{"x":30.602392196655275,"y":-2.2824463844299318,"z":7.301517963409424},"rotation":{"x":-0.21522526443004609,"y":0.3782828152179718,"z":-0.090894415974617,"w":-0.8957288861274719},"size":39.30929946899414,"orthographic":false}